Nom;Prenom;Code_Temoin
;;ADULTE-TEMOIN-001
;;ADULTE-TEMOIN-002
;;ADULTE-TEMOIN-003
;;ADULTE-TEMOIN-004
;;ADULTE-TEMOIN-005
;;ADULTE-TEMOIN-006
;;ADULTE-TEMOIN-007
;;ADULTE-TEMOIN-008
;;ADULTE-TEMOIN-009
;;ADULTE-TEMOIN-010
;;ADULTE-TEMOIN-011
;;ADULTE-TEMOIN-012
;;ADULTE-TEMOIN-013
;;ADULTE-TEMOIN-014
;;ADULTE-TEMOIN-015
;;ADULTE-TEMOIN-016
;;ADULTE-TEMOIN-017
;;ADULTE-TEMOIN-018
;;ADULTE-TEMOIN-019
;;ADULTE-TEMOIN-020
;;ADULTE-TEMOIN-021
;;ADULTE-TEMOIN-022
;;ADULTE-TEMOIN-023
;;ADULTE-TEMOIN-024
;;ADULTE-TEMOIN-025
;;ADULTE-TEMOIN-026
;;ADULTE-TEMOIN-027
;;ADULTE-TEMOIN-028
;;ADULTE-TEMOIN-029
;;ADULTE-TEMOIN-030
;;ADULTE-TEMOIN-031
;;ADULTE-TEMOIN-032
;;ADULTE-TEMOIN-033
;;ADULTE-TEMOIN-034
;;ADULTE-TEMOIN-035
;;ADULTE-TEMOIN-036
;;ADULTE-TEMOIN-037
;;ADULTE-TEMOIN-038
;;ADULTE-TEMOIN-039
;;ADULTE-TEMOIN-040
;;ADULTE-TEMOIN-041
;;ADULTE-TEMOIN-042
;;ADULTE-TEMOIN-043
;;ADULTE-TEMOIN-044
;;ADULTE-TEMOIN-045
;;ADULTE-TEMOIN-046
;;ADULTE-TEMOIN-047
;;ADULTE-TEMOIN-048
;;ADULTE-TEMOIN-049
;;ADULTE-TEMOIN-050
;;ADULTE-TEMOIN-051
;;ADULTE-TEMOIN-052
;;ADULTE-TEMOIN-053
;;ADULTE-TEMOIN-054
;;ADULTE-TEMOIN-055
;;ADULTE-TEMOIN-056
;;ADULTE-TEMOIN-057
;;ADULTE-TEMOIN-058
;;ADULTE-TEMOIN-059
;;ADULTE-TEMOIN-060
;;ADULTE-TEMOIN-061
;;ADULTE-TEMOIN-062
;;ADULTE-TEMOIN-063
;;ADULTE-TEMOIN-064
;;ADULTE-TEMOIN-065
;;ADULTE-TEMOIN-066
;;ADULTE-TEMOIN-067
;;ADULTE-TEMOIN-068
;;ADULTE-TEMOIN-069
;;ADULTE-TEMOIN-070
;;ADULTE-TEMOIN-071
;;ADULTE-TEMOIN-072
;;ADULTE-TEMOIN-073
;;ADULTE-TEMOIN-074
;;ADULTE-TEMOIN-075
;;ADULTE-TEMOIN-076
;;ADULTE-TEMOIN-077
;;ADULTE-TEMOIN-078
;;ADULTE-TEMOIN-079
;;ADULTE-TEMOIN-080
